Date,Exercise,Set,Weight_kg,Reps,Volume
2025-09-19,Hip abduction,1,73.0,4,292.0
2025-09-19,Hip abduction,2,66.0,8,528.0
2025-09-19,Hip abduction,3,66.0,6,396.0
2025-09-19,Hip abduction,4,66.0,4,264.0
2025-09-19,Hip abduction,5,59.0,6,354.0
2025-09-19,Hip abduction,6,52.0,8,416.0
2025-09-19,Hip abduction,7,52.0,7,364.0
2025-09-19,Hip abduction,8,45.0,9,405.0
2025-09-19,Hip abduction,9,45.0,7,315.0
2025-09-19,Hip abduction,10,39.0,12,468.0
2025-09-19,Seated leg curl,1,59.0,5,295.0
2025-09-19,Seated leg curl,2,52.0,7,364.0
2025-09-19,Seated leg curl,3,52.0,6,312.0
2025-09-19,Seated leg curl,4,45.0,8,360.0
2025-09-19,Seated leg curl,5,45.0,6,270.0
2025-09-19,Seated leg curl,6,39.0,7,273.0
2025-09-19,Seated leg curl,7,32.0,10,320.0
2025-09-19,Seated leg curl,8,32.0,7,224.0
2025-09-19,Seated leg curl,9,25.0,12,300.0
2025-09-19,Leg extension,1,66.0,7,462.0
2025-09-19,Leg extension,2,66.0,6,396.0
2025-09-19,Leg extension,3,59.0,8,472.0
2025-09-19,Leg extension,4,59.0,6,354.0
2025-09-19,Leg extension,5,52.0,8,416.0
2025-09-19,Leg extension,6,52.0,6,312.0
2025-09-19,Leg extension,7,45.0,6,270.0
2025-09-19,Leg extension,8,39.0,8,312.0
2025-09-19,Leg extension,9,39.0,6,234.0
2025-09-19,Leg extension,10,32.0,6,192.0
2025-09-19,Prone leg curl,1,45.0,5,225.0
2025-09-19,Prone leg curl,2,41.0,5,205.0
2025-09-19,Prone leg curl,3,36.0,5,180.0
2025-09-19,Hip abduction,1,66.0,4,264.0
2025-09-19,Hip abduction,2,59.0,6,354.0
2025-09-19,Hip abduction,3,59.0,5,295.0
2025-09-19,Hip abduction,4,52.0,7,364.0
2025-09-19,Diverging lat pulldown,1,45.0,9,405.0
2025-09-19,Diverging lat pulldown,2,52.0,7,364.0
2025-09-19,Diverging lat pulldown,3,59.0,5,295.0
2025-09-19,Diverging lat pulldown,4,52.0,6,312.0
2025-09-19,Diverging lat pulldown,5,52.0,5,260.0
2025-09-19,Diverging lat pulldown,6,45.0,6,270.0
2025-09-19,Diverging lat pulldown,7,41.0,6,246.0
2025-09-19,Diverging lat pulldown,8,36.0,9,324.0
2025-09-19,Diverging lat pulldown,9,36.0,6,216.0
2025-09-19,Diverging lat pulldown,10,32.0,10,320.0
2025-09-19,Diverging lat pulldown,11,32.0,6,192.0
2025-09-19,Arm curl,1,41.0,6,246.0
2025-09-19,Arm curl,2,41.0,4,164.0
2025-09-19,Arm curl,3,35.0,5,175.0
2025-09-19,Arm curl,4,32.0,6,192.0
2025-09-19,Arm curl,5,32.0,5,160.0
2025-09-19,Arm curl,6,27.0,6,162.0
2025-09-19,Arm curl,7,27.0,5,135.0
2025-09-19,Arm curl,8,23.0,7,161.0
2025-09-19,Arm curl,9,23.0,6,138.0
2025-09-19,Arm curl,10,18.0,7,126.0
2025-09-19,Arm curl,11,18.0,6,108.0
2025-09-19,Lat pulldown,1,52.0,5,260.0
2025-09-19,Lat pulldown,2,45.0,6,270.0
2025-09-19,Lat pulldown,3,39.0,6,234.0
2025-09-19,Lat pulldown,4,39.0,6,234.0
2025-09-19,Diverging seated row,1,41.0,6,246.0
2025-09-19,Diverging seated row,2,41.0,5,205.0
2025-09-19,Diverging seated row,3,36.0,6,216.0
2025-09-19,Diverging seated row,4,32.0,6,192.0
2025-09-19,Diverging seated row,5,32.0,5,160.0
2025-09-19,Lateral raise,1,73.0,4,292.0
2025-09-19,Lateral raise,2,68.0,4,272.0
2025-09-19,Lateral raise,3,64.0,6,384.0
2025-09-19,Lateral raise,4,59.0,5,295.0
2025-09-19,Converging shoulder Press,1,45.0,7,315.0
2025-09-19,Converging shoulder Press,2,50.0,5,250.0
2025-09-19,Converging shoulder Press,3,45.0,5,225.0
2025-09-19,Converging shoulder Press,4,41.0,6,246.0
2025-09-19,Converging shoulder Press,5,36.0,6,216.0
2025-09-19,Converging shoulder Press,6,36.0,5,180.0
2025-09-19,Converging shoulder Press,7,32.0,7,224.0
2025-09-19,Converging shoulder Press,8,32.0,6,192.0
2025-09-19,Converging shoulder Press,9,32.0,5,160.0
2025-09-19,Converging shoulder Press,10,27.0,7,189.0
2025-09-19,Converging shoulder Press,11,27.0,6,162.0
2025-09-19,Converging shoulder Press,12,23.0,6,138.0
2025-09-19,Converging chest Press,1,52.0,6,312.0
2025-09-19,Converging chest Press,2,52.0,6,312.0
2025-09-19,Converging chest Press,3,52.0,4,208.0
2025-09-19,Converging chest Press,4,45.0,6,270.0
2025-09-19,Converging chest Press,5,45.0,5,225.0
2025-09-19,Converging chest Press,6,39.0,7,273.0
2025-09-19,Converging chest Press,7,39.0,6,234.0
2025-09-19,Converging chest Press,8,32.0,8,256.0
2025-09-19,Converging chest Press,9,32.0,7,224.0
2025-09-19,Converging chest Press,10,32.0,6,192.0
2025-09-19,Converging chest Press,11,25.0,8,200.0
2025-09-19,Seated triceps Press,1,59.0,6,354.0
2025-09-19,Seated triceps Press,2,64.0,4,256.0
2025-09-19,Seated triceps Press,3,59.0,6,354.0
2025-09-19,Seated triceps Press,4,59.0,5,295.0
2025-09-19,Seated triceps Press,5,54.0,5,270.0
2025-09-19,Seated triceps Press,6,50.0,6,300.0
2025-09-19,Seated triceps Press,7,50.0,5,250.0
2025-09-19,Seated triceps Press,8,45.0,6,270.0
2025-09-19,Seated triceps Press,9,41.0,7,287.0
2025-09-19,Seated triceps Press,10,41.0,6,246.0
2025-09-19,Seated triceps Press,11,36.0,7,252.0
2025-09-19,Pec fly,1,73.0,6,438.0
2025-09-19,Pec fly,2,73.0,5,365.0
2025-09-19,Pec fly,3,66.0,5,330.0
2025-09-19,Pec fly,4,59.0,5,295.0
2025-09-19,Pec fly,5,52.0,7,364.0
2025-09-19,Pec fly,6,52.0,6,312.0
2025-09-19,Pec fly,7,45.0,8,360.0
2025-09-19,Pec fly,8,45.0,7,315.0
2025-09-19,Pec fly,9,45.0,6,270.0
2025-09-19,Triceps extension Sæt 1: 59 kg Leg Hip abduction,1,66.0,5,330.0
2025-09-19,Triceps extension Sæt 1: 59 kg Leg Hip abduction,2,59.0,7,413.0
2025-09-19,Triceps extension Sæt 1: 59 kg Leg Hip abduction,3,59.0,6,354.0
2025-09-19,Triceps extension Sæt 1: 59 kg Leg Hip abduction,4,59.0,5,295.0
2025-09-19,Triceps extension Sæt 1: 59 kg Leg Hip abduction,5,52.0,7,364.0
2025-09-19,Triceps extension Sæt 1: 59 kg Leg Hip abduction,6,52.0,7,364.0
2025-09-19,Triceps extension Sæt 1: 59 kg Leg Hip abduction,7,52.0,6,312.0
2025-09-19,Triceps extension Sæt 1: 59 kg Leg Hip abduction,8,45.0,8,360.0
2025-09-19,Triceps extension Sæt 1: 59 kg Leg Hip abduction,9,45.0,6,270.0
2025-09-19,Triceps extension Sæt 1: 59 kg Leg Hip abduction,10,39.0,12,468.0
2025-09-19,Triceps extension Sæt 1: 59 kg Leg Hip abduction,11,39.0,10,390.0
2025-09-19,Triceps extension Sæt 1: 59 kg Leg Hip abduction,12,39.0,9,351.0
2025-09-19,Triceps extension Sæt 1: 59 kg Leg Hip abduction,13,39.0,8,312.0
2025-09-19,Hip adduction,1,73.0,6,438.0
2025-09-19,Hip adduction,2,73.0,5,365.0
2025-09-19,Hip adduction,3,66.0,7,462.0
2025-09-19,Hip adduction,4,66.0,6,396.0
2025-09-19,Hip adduction,5,59.0,8,472.0
2025-09-19,Hip adduction,6,59.0,5,295.0
2025-09-19,Hip adduction,7,52.0,8,416.0
2025-09-19,Hip adduction,8,52.0,7,364.0
2025-09-19,Hip adduction,9,45.0,12,540.0
2025-09-19,Hip adduction,10,45.0,10,450.0
2025-09-19,Hip adduction,11,45.0,8,360.0
2025-09-19,Hip adduction,12,45.0,8,360.0
2025-09-19,Leg extension,1,73.0,7,511.0
2025-09-19,Leg extension,2,73.0,6,438.0
2025-09-19,Leg extension,3,73.0,6,438.0
2025-09-19,Leg extension,4,66.0,7,462.0
2025-09-19,Leg extension,5,66.0,6,396.0
2025-09-19,Leg extension,6,59.0,8,472.0
2025-09-19,Leg extension,7,59.0,6,354.0
2025-09-19,Leg extension,8,52.0,8,416.0
2025-09-19,Seated leg curl,1,59.0,4,236.0
2025-09-19,Seated leg curl,2,52.0,4,208.0
2025-09-19,Seated leg curl,3,45.0,6,270.0
2025-09-19,Seated leg curl,4,39.0,8,312.0
2025-09-19,Seated leg curl,5,39.0,6,234.0
2025-09-19,Lat pulldown,1,52.0,5,260.0
2025-09-19,Lat pulldown,2,52.0,5,260.0
2025-09-19,Lat pulldown,3,52.0,5,260.0
2025-09-19,Lat pulldown,4,45.0,7,315.0
2025-09-19,Lat pulldown,5,45.0,6,270.0
2025-09-19,Lat pulldown,6,45.0,5,225.0
2025-09-19,Lat pulldown,7,39.0,8,312.0
2025-09-19,Lat pulldown,8,39.0,6,234.0
2025-09-19,Lat pulldown,9,39.0,5,195.0
2025-09-19,Lat pulldown,10,32.0,10,320.0
2025-09-19,Lat pulldown,11,32.0,10,320.0
2025-09-19,Diverging seated row,1,52.0,5,260.0
2025-09-19,Diverging seated row,2,52.0,4,208.0
2025-09-19,Diverging seated row,3,45.0,6,270.0
2025-09-19,Diverging seated row,4,45.0,5,225.0
2025-09-19,Diverging seated row,5,41.0,6,246.0
2025-09-19,Diverging seated row,6,41.0,5,205.0
2025-09-19,Diverging seated row,7,36.0,7,252.0
2025-09-19,Diverging seated row,8,36.0,6,216.0
2025-09-19,Diverging seated row,9,32.0,7,224.0
2025-09-19,Diverging seated row,10,32.0,6,192.0
2025-09-19,Diverging seated row,11,27.0,8,216.0
2025-09-19,Diverging seated row,12,27.0,6,162.0
2025-09-19,Lateral raise,1,68.0,6,408.0
2025-09-19,Lateral raise,2,64.0,6,384.0
2025-09-19,Lateral raise,3,64.0,5,320.0
2025-09-19,Lateral raise,4,59.0,6,354.0
2025-09-19,Lateral raise,5,59.0,5,295.0
2025-09-19,Lateral raise,6,54.0,6,324.0
2025-09-19,Lateral raise,7,50.0,7,350.0
2025-09-19,Lateral raise,8,50.0,6,300.0
2025-09-19,Lateral raise,9,45.0,7,315.0
2025-09-19,Lateral raise,10,45.0,6,270.0
2025-09-19,Lateral raise,11,41.0,10,410.0
2025-09-19,Lateral raise,12,41.0,9,369.0
2025-09-19,Arm curl,1,41.0,5,205.0
2025-09-19,Arm curl,2,41.0,5,205.0
2025-09-19,Arm curl,3,36.0,5,180.0
2025-09-19,Arm curl,4,32.0,5,160.0
2025-09-19,Arm curl,5,27.0,5,135.0
2025-09-19,Arm curl,6,23.0,5,115.0
2025-09-19,Arm curl,7,18.0,6,108.0
2025-09-19,Rear delt,1,66.0,5,330.0
2025-09-19,Rear delt,2,59.0,6,354.0
2025-09-19,Rear delt,3,52.0,6,312.0
2025-09-19,Rear delt,4,45.0,6,270.0
2025-09-19,Rear delt,5,39.0,7,273.0
2025-09-19,Converging chest Press,1,52.0,9,468.0
2025-09-19,Converging chest Press,2,59.0,6,354.0
2025-09-19,Converging chest Press,3,59.0,5,295.0
2025-09-19,Converging chest Press,4,52.0,7,364.0
2025-09-19,Converging chest Press,5,52.0,6,312.0
2025-09-19,Converging chest Press,6,52.0,5,260.0
2025-09-19,Converging chest Press,7,45.0,7,315.0
2025-09-19,Converging chest Press,8,45.0,6,270.0
2025-09-19,Converging chest Press,9,39.0,10,390.0
2025-09-19,Converging chest Press,10,39.0,8,312.0
2025-09-19,Converging chest Press,11,39.0,7,273.0
2025-09-19,Converging chest Press,12,32.0,11,352.0
2025-09-19,Converging chest Press,13,32.0,9,288.0
2025-09-19,Converging chest Press,14,32.0,8,256.0
2025-09-19,Triceps extension,1,64.0,4,256.0
2025-09-19,Triceps extension,2,59.0,7,413.0
2025-09-19,Triceps extension,3,59.0,4,236.0
2025-09-19,Triceps extension,4,54.0,6,324.0
2025-09-19,Triceps extension,5,54.0,5,270.0
2025-09-19,Triceps extension,6,50.0,7,350.0
2025-09-19,Triceps extension,7,50.0,6,300.0
2025-09-19,Triceps extension,8,45.0,8,360.0
2025-09-19,Triceps extension,9,45.0,6,270.0
2025-09-19,Triceps extension,10,41.0,9,369.0
2025-09-19,Triceps extension,11,41.0,7,287.0
2025-09-19,Triceps extension,12,36.0,7,252.0
2025-09-19,Seated triceps Press,1,54.0,7,378.0
2025-09-19,Seated triceps Press,2,59.0,4,236.0
2025-09-19,Seated triceps Press,3,54.0,5,270.0
2025-09-19,Seated triceps Press,4,50.0,7,350.0
2025-09-19,Seated triceps Press,5,50.0,5,250.0
2025-09-19,Seated triceps Press,6,45.0,7,315.0
2025-09-19,Seated triceps Press,7,45.0,5,225.0
2025-09-19,Seated triceps Press,8,41.0,8,328.0
2025-09-19,Seated triceps Press,9,41.0,5,205.0
2025-09-19,Leg extension,1,79.0,7,553.0
2025-09-19,Leg extension,2,79.0,5,395.0
2025-09-19,Leg extension,3,79.0,5,395.0
2025-09-19,Leg extension,4,73.0,8,584.0
2025-09-19,Leg extension,5,73.0,7,511.0
2025-09-19,Leg extension,6,73.0,6,438.0
2025-09-19,Leg extension,7,66.0,7,462.0
2025-09-19,Leg extension,8,66.0,6,396.0
2025-09-19,Leg extension,9,59.0,6,354.0
2025-09-19,Leg extension,10,52.0,7,364.0
2025-09-19,Leg extension,11,52.0,5,260.0
2025-09-19,Prone leg curl,1,41.0,7,287.0
2025-09-19,Prone leg curl,2,45.0,5,225.0
2025-09-19,Prone leg curl,3,41.0,6,246.0
2025-09-19,Prone leg curl,4,41.0,5,205.0
2025-09-19,Prone leg curl,5,36.0,6,216.0
2025-09-19,Prone leg curl,6,36.0,5,180.0
2025-09-19,Prone leg curl,7,32.0,6,192.0
2025-09-19,Prone leg curl,8,32.0,5,160.0
2025-09-19,Prone leg curl,9,27.0,8,216.0
2025-09-19,Prone leg curl,10,27.0,6,162.0
2025-09-19,Prone leg curl,11,23.0,8,184.0
2025-09-19,Hip adduction,1,79.0,3,237.0
2025-09-19,Hip adduction,2,73.0,5,365.0
2025-09-19,Hip adduction,3,73.0,4,292.0
2025-09-19,Hip adduction,4,66.0,6,396.0
2025-09-19,Hip adduction,5,66.0,5,330.0
2025-09-19,Hip adduction,6,59.0,7,413.0
2025-09-19,Hip adduction,7,59.0,6,354.0
2025-09-19,Hip adduction,8,59.0,5,295.0
2025-09-19,Hip adduction,9,52.0,9,468.0
2025-09-19,Hip adduction,10,52.0,7,364.0
2025-09-19,Hip adduction,11,52.0,6,312.0
2025-09-19,Hip adduction,12,45.0,8,360.0
2025-09-19,Hip abduction,1,66.0,6,396.0
2025-09-19,Hip abduction,2,66.0,5,330.0
2025-09-19,Hip abduction,3,59.0,8,472.0
2025-09-19,Hip abduction,4,59.0,5,295.0
2025-09-19,Hip abduction,5,52.0,7,364.0
2025-09-19,Hip abduction,6,52.0,6,312.0
2025-09-19,Hip abduction,7,45.0,7,315.0
2025-09-19,Hip abduction,8,39.0,10,390.0
2025-09-19,Hip abduction,9,39.0,9,351.0
2025-09-19,Lateral raise,1,68.0,6,408.0
2025-09-19,Lateral raise,2,68.0,5,340.0
2025-09-19,Lateral raise,3,64.0,6,384.0
2025-09-19,Lateral raise,4,64.0,5,320.0
2025-09-19,Lateral raise,5,59.0,7,413.0
2025-09-19,Lateral raise,6,59.0,6,354.0
2025-09-19,Lateral raise,7,54.0,8,432.0
2025-09-19,Lateral raise,8,54.0,6,324.0
2025-09-19,Lateral raise,9,50.0,7,350.0
2025-09-19,Lateral raise,10,50.0,6,300.0
2025-09-19,Lateral raise,11,45.0,7,315.0
2025-09-19,Lateral raise,12,45.0,6,270.0
2025-09-19,Lat pulldown,1,59.0,4,236.0
2025-09-19,Lat pulldown,2,52.0,6,312.0
2025-09-19,Lat pulldown,3,52.0,5,260.0
2025-09-19,Lat pulldown,4,45.0,7,315.0
2025-09-19,Lat pulldown,5,45.0,5,225.0
2025-09-19,Arm curl,1,41.0,6,246.0
2025-09-19,Arm curl,2,41.0,4,164.0
2025-09-19,Arm curl,3,36.0,6,216.0
2025-09-19,Arm curl,4,36.0,3,108.0
2025-09-19,Arm curl,5,32.0,5,160.0
2025-09-19,Arm curl,6,27.0,7,189.0
2025-09-19,Arm curl,7,27.0,4,108.0
2025-09-19,Converging chest Press,1,59.0,9,531.0
2025-09-19,Converging chest Press,2,66.0,4,264.0
2025-09-19,Converging chest Press,3,59.0,6,354.0
2025-09-19,Converging chest Press,4,59.0,5,295.0
2025-09-19,Converging chest Press,5,52.0,6,312.0
2025-09-19,Converging chest Press,6,52.0,5,260.0
2025-09-19,Converging chest Press,7,45.0,7,315.0
2025-09-19,Converging chest Press,8,45.0,6,270.0
2025-09-19,Converging chest Press,9,45.0,5,225.0
2025-09-19,Converging chest Press,10,39.0,9,351.0
2025-09-19,Converging chest Press,11,39.0,7,273.0
2025-09-19,Converging chest Press,12,39.0,6,234.0
2025-09-19,Converging chest Press,13,32.0,7,224.0
2025-09-19,Converging chest Press,14,32.0,6,192.0
2025-09-19,Seated triceps Press,1,59.0,6,354.0
2025-09-19,Seated triceps Press,2,59.0,5,295.0
2025-09-19,Seated triceps Press,3,54.0,7,378.0
2025-09-19,Seated triceps Press,4,54.0,6,324.0
2025-09-19,Seated triceps Press,5,50.0,8,400.0
2025-09-19,Seated triceps Press,6,50.0,6,300.0
2025-09-19,Seated triceps Press,7,45.0,9,405.0
2025-09-19,Abdominal,1,41.0,10,410.0
2025-09-19,Abdominal,2,45.0,8,360.0
2025-09-19,Abdominal,3,50.0,6,300.0
2025-09-19,Abdominal,4,50.0,5,250.0
2025-09-19,Abdominal,5,50.0,4,200.0
2025-09-19,Abdominal,6,45.0,7,315.0
2025-09-19,Abdominal,7,45.0,6,270.0
2025-09-19,Abdominal,8,41.0,7,287.0
2025-09-19,Abdominal,9,41.0,6,246.0
2025-09-19,Abdominal,10,36.0,9,324.0
2025-09-19,Abdominal,11,36.0,7,252.0
2025-09-19,Abdominal,12,32.0,8,256.0
2025-09-19,Abdominal,13,32.0,6,192.0
2025-09-19,Triceps extension,1,64.0,5,320.0
2025-09-19,Triceps extension,2,59.0,6,354.0
2025-09-19,Triceps extension,3,54.0,6,324.0
2025-09-19,Triceps extension,4,50.0,7,350.0
2025-09-19,Triceps extension,5,50.0,6,300.0
2025-09-19,Triceps extension,6,45.0,6,270.0
2025-09-19,Triceps extension,7,41.0,7,287.0
2025-09-19,Lateral raise,1,68.0,7,476.0
2025-09-19,Lateral raise,2,68.0,6,408.0
2025-09-19,Lateral raise,3,64.0,6,384.0
2025-09-19,Lateral raise,4,59.0,7,413.0
2025-09-19,Lateral raise,5,59.0,6,354.0
2025-09-19,Lateral raise,6,59.0,5,295.0
2025-09-19,Lateral raise,7,54.0,7,378.0
2025-09-19,Lateral raise,8,54.0,6,324.0
2025-09-19,Lateral raise,9,50.0,8,400.0
2025-09-19,Lateral raise,10,50.0,6,300.0
2025-09-19,Lateral raise,11,45.0,9,405.0
2025-09-19,Lateral raise,12,45.0,7,315.0
2025-09-19,Lateral raise,13,41.0,8,328.0
2025-09-19,Rear delt,1,66.0,6,396.0
2025-09-19,Rear delt,2,59.0,6,354.0
2025-09-19,Rear delt,3,52.0,9,468.0
2025-09-19,Rear delt,4,52.0,6,312.0
2025-09-19,Rear delt,5,45.0,9,405.0
2025-09-19,Rear delt,6,45.0,7,315.0
2025-09-19,Rear delt,7,39.0,9,351.0
2025-09-19,Rear delt,8,39.0,8,312.0
2025-09-19,Diverging seated row,1,52.0,7,364.0
2025-09-19,Diverging seated row,2,52.0,6,312.0
2025-09-19,Diverging seated row,3,45.0,8,360.0
2025-09-19,Diverging seated row,4,45.0,7,315.0
2025-09-19,Diverging seated row,5,45.0,5,225.0
2025-09-19,Diverging seated row,6,41.0,8,328.0
2025-09-19,Diverging seated row,7,41.0,6,246.0
2025-09-19,Diverging seated row,8,35.0,8,280.0
2025-09-19,Diverging seated row,9,35.0,6,210.0
2025-09-19,Diverging seated row,10,32.0,9,288.0
2025-09-19,Diverging seated row,11,32.0,7,224.0
2025-09-19,Diverging seated row,12,27.0,8,216.0
2025-09-19,Diverging seated row,13,27.0,6,162.0
2025-09-19,Lat pull Down,1,52.0,5,260.0
2025-09-19,Lat pull Down,2,45.0,6,270.0
2025-09-19,Lat pull Down,3,39.0,7,273.0
2025-09-19,Lat pull Down,4,39.0,6,234.0
2025-09-19,Lat pull Down,5,32.0,7,224.0
2025-09-19,and core Abdominal,1,36.0,11,396.0
2025-09-19,and core Abdominal,2,50.0,7,350.0
2025-09-19,and core Abdominal,3,50.0,5,250.0
2025-09-19,and core Abdominal,4,45.0,8,360.0
2025-09-19,and core Abdominal,5,45.0,6,270.0
2025-09-19,and core Abdominal,6,45.0,5,225.0
2025-09-19,and core Abdominal,7,41.0,7,287.0
2025-09-19,and core Abdominal,8,41.0,6,246.0
2025-09-19,and core Abdominal,9,41.0,5,205.0
2025-09-19,and core Abdominal,10,36.0,10,360.0
2025-09-19,and core Abdominal,11,36.0,7,252.0
2025-09-19,and core Abdominal,12,36.0,6,216.0
2025-09-19,and core Abdominal,13,32.0,10,320.0
2025-09-19,and core Abdominal,14,32.0,8,256.0
2025-09-19,and core Abdominal,15,32.0,6,192.0
2025-09-19,Hip adduction,1,73.0,7,511.0
2025-09-19,Hip adduction,2,73.0,6,438.0
2025-09-19,Hip adduction,3,66.0,8,528.0
2025-09-19,Hip adduction,4,66.0,6,396.0
2025-09-19,Hip adduction,5,66.0,6,396.0
2025-09-19,Hip adduction,6,59.0,7,413.0
2025-09-19,Hip adduction,7,59.0,6,354.0
2025-09-19,Hip adduction,8,59.0,6,354.0
2025-09-19,Hip adduction,9,52.0,9,468.0
2025-09-19,Hip adduction,10,52.0,6,312.0
2025-09-19,Seated leg curl,1,59.0,6,354.0
2025-09-19,Seated leg curl,2,59.0,4,236.0
2025-09-19,Seated leg curl,3,52.0,6,312.0
2025-09-19,Seated leg curl,4,52.0,5,260.0
2025-09-19,Seated leg curl,5,45.0,6,270.0
2025-09-19,Seated leg curl,6,45.0,6,270.0
2025-09-19,Seated leg curl,7,45.0,5,225.0
2025-09-19,Seated leg curl,8,39.0,9,351.0
2025-09-19,Seated leg curl,9,39.0,6,234.0
2025-09-19,Seated leg curl,10,32.0,10,320.0
2025-09-19,Seated leg curl,11,32.0,8,256.0
2025-09-19,Hip abduction,1,66.0,6,396.0
2025-09-19,Hip abduction,1,66.0,5,330.0
2025-09-19,Hip abduction,3,59.0,10,590.0
2025-09-19,Hip abduction,4,59.0,7,413.0
2025-09-19,Hip abduction,5,52.0,6,312.0
2025-09-19,Converging shoulder Press,1,45.0,6,270.0
2025-09-19,Converging shoulder Press,2,45.0,5,225.0
2025-09-19,Converging shoulder Press,3,41.0,6,246.0
2025-09-19,Converging shoulder Press,4,41.0,5,205.0
2025-09-19,Converging shoulder Press,5,36.0,6,216.0
2025-09-19,Converging shoulder Press,6,36.0,5,180.0
2025-09-19,Converging shoulder Press,7,32.0,7,224.0
2025-09-19,Converging shoulder Press,8,32.0,6,192.0
2025-09-19,Converging shoulder Press,9,32.0,5,160.0
2025-09-19,Converging shoulder Press,10,27.0,8,216.0
2025-09-19,Converging shoulder Press,11,27.0,6,162.0
2025-09-19,Converging shoulder Press,12,23.0,10,230.0
2025-09-19,Sæt 13. 23 kg 7 reps Converging chest Press,1,59.0,5,295.0
2025-09-19,Sæt 13. 23 kg 7 reps Converging chest Press,2,52.0,7,364.0
2025-09-19,Sæt 13. 23 kg 7 reps Converging chest Press,3,52.0,5,260.0
2025-09-19,Sæt 13. 23 kg 7 reps Converging chest Press,4,45.0,8,360.0
2025-09-19,Sæt 13. 23 kg 7 reps Converging chest Press,5,45.0,7,315.0
2025-09-19,Sæt 13. 23 kg 7 reps Converging chest Press,6,45.0,5,225.0
2025-09-19,Sæt 13. 23 kg 7 reps Converging chest Press,7,39.0,8,312.0
2025-09-19,Sæt 13. 23 kg 7 reps Converging chest Press,8,39.0,6,234.0
2025-09-19,Sæt 13. 23 kg 7 reps Converging chest Press,9,32.0,9,288.0
2025-09-19,Sæt 13. 23 kg 7 reps Converging chest Press,10,32.0,6,192.0
2025-09-19,Triceps extension,1,64.0,5,320.0
2025-09-19,Triceps extension,2,59.0,7,413.0
2025-09-19,Triceps extension,3,59.0,6,354.0
2025-09-19,Triceps extension,4,59.0,4,236.0
2025-09-19,Triceps extension,5,54.0,6,324.0
2025-09-19,Triceps extension,6,54.0,5,270.0
2025-09-19,Triceps extension,7,50.0,8,400.0
2025-09-19,Triceps extension,8,50.0,6,300.0
2025-09-19,Triceps extension,9,45.0,8,360.0
2025-09-19,Triceps extension,10,45.0,6,270.0
2025-09-19,Triceps extension,11,41.0,7,287.0
2025-09-19,Pec fly,1,73.0,7,511.0
2025-09-19,Pec fly,2,79.0,5,395.0
2025-09-19,Pec fly,3,73.0,6,438.0
2025-09-19,Pec fly,4,66.0,6,396.0
2025-09-19,Pec fly,5,59.0,7,413.0
2025-09-19,Pec fly,6,59.0,6,354.0
2025-09-19,Lat pulldown,1,59.0,4,236.0
2025-09-19,Lat pulldown,2,52.0,7,364.0
2025-09-19,Lat pulldown,3,52.0,6,312.0
2025-09-19,Lat pulldown,4,52.0,5,260.0
2025-09-19,Lat pulldown,5,45.0,8,360.0
2025-09-19,Lat pulldown,6,45.0,6,270.0
2025-09-19,Lat pulldown,7,45.0,5,225.0
2025-09-19,Lat pulldown,8,39.0,9,351.0
2025-09-19,Lat pulldown,9,39.0,6,234.0
2025-09-19,Lat pulldown,10,32.0,9,288.0
2025-09-19,Lat pulldown,11,32.0,7,224.0
2025-09-19,Lateral raise,1,64.0,9,576.0
2025-09-19,Lateral raise,2,68.0,7,476.0
2025-09-19,Lateral raise,3,68.0,6,408.0
2025-09-19,Lateral raise,4,64.0,7,448.0
2025-09-19,Lateral raise,5,64.0,6,384.0
2025-09-19,Lateral raise,6,59.0,7,413.0
2025-09-19,Lateral raise,7,59.0,6,354.0
2025-09-19,Lateral raise,8,54.0,8,432.0
2025-09-19,Lateral raise,9,54.0,6,324.0
2025-09-19,Lateral raise,10,50.0,9,450.0
2025-09-19,Lateral raise,11,50.0,7,350.0
2025-09-19,Lateral raise,12,45.0,8,360.0
2025-09-19,Lateral raise,13,45.0,6,270.0
2025-09-19,Arm curl,1,45.0,5,225.0
2025-09-19,Arm curl,2,45.0,3,135.0
2025-09-19,Arm curl,3,41.0,6,246.0
2025-09-19,Arm curl,4,36.0,5,180.0
2025-09-19,Arm curl,5,32.0,6,192.0
2025-09-19,Arm curl,6,32.0,5,160.0
2025-09-19,Arm curl,7,27.0,6,162.0
2025-09-19,Arm curl,8,27.0,5,135.0
2025-09-19,Arm curl,9,23.0,6,138.0
2025-09-19,Arm curl,10,23.0,5,115.0
2025-09-19,Arm curl,11,18.0,7,126.0
2025-09-19,Arm curl,12,18.0,6,108.0
2025-09-19,Converging lat pulldown,1,52.0,6,312.0
2025-09-19,Diverging seated row,1,52.0,6,312.0
2025-09-19,Diverging seated row,2,52.0,4,208.0
2025-09-19,Diverging seated row,3,45.0,6,270.0
2025-09-19,Diverging seated row,4,41.0,6,246.0
2025-09-19,Diverging seated row,5,36.0,6,216.0
2025-09-19,Diverging seated row,6,32.0,6,192.0
2025-09-19,Abdominal,1,54.0,4,216.0
2025-09-19,Abdominal,2,50.0,6,300.0
2025-09-19,Abdominal,3,50.0,5,250.0
2025-09-19,Abdominal,4,45.0,7,315.0
2025-09-19,Abdominal,5,45.0,5,225.0
2025-09-19,Abdominal,6,41.0,8,328.0
2025-09-19,Abdominal,7,41.0,6,246.0
2025-09-19,Abdominal,8,41.0,5,205.0
2025-09-19,Abdominal,9,36.0,8,288.0
2025-09-19,Abdominal,10,36.0,6,216.0
2025-09-19,Abdominal,11,32.0,10,320.0
2025-09-19,Abdominal,12,32.0,8,256.0
2025-09-19,Abdominal,13,32.0,6,192.0
2025-09-19,Abdominal,14,27.0,12,324.0
2025-09-19,Abdominal,15,27.0,8,216.0
2025-09-19,Hip adduction,1,79.0,7,553.0
2025-09-19,Hip adduction,2,79.0,6,474.0
2025-09-19,Hip adduction,3,73.0,7,511.0
2025-09-19,Hip adduction,4,73.0,5,365.0
2025-09-19,Hip adduction,5,66.0,7,462.0
2025-09-19,Hip adduction,6,66.0,6,396.0
2025-09-19,Hip adduction,7,59.0,10,590.0
2025-09-19,Hip adduction,8,59.0,8,472.0
2025-09-19,Hip adduction,9,59.0,7,413.0
2025-09-19,Hip adduction,10,52.0,10,520.0
2025-09-19,Hip abduction,1,66.0,7,462.0
2025-09-19,Hip abduction,2,66.0,6,396.0
2025-09-19,Hip abduction,3,59.0,8,472.0
2025-09-19,Hip abduction,4,59.0,6,354.0
2025-09-19,Hip abduction,5,52.0,9,468.0
2025-09-19,Hip abduction,6,52.0,7,364.0
2025-09-19,Hip abduction,7,52.0,6,312.0
2025-09-19,Hip abduction,8,45.0,6,270.0
2025-09-21,and core Seated leg curl,1,59.0,5,295.0
2025-09-21,and core Seated leg curl,2,52.0,6,312.0
2025-09-21,and core Seated leg curl,3,52.0,5,260.0
2025-09-21,and core Seated leg curl,4,45.0,7,315.0
2025-09-21,and core Seated leg curl,5,45.0,7,315.0
2025-09-21,and core Seated leg curl,6,39.0,7,273.0
2025-09-21,Abdominal,1,50.0,6,300.0
2025-09-21,Abdominal,2,45.0,6,270.0
2025-09-21,Abdominal,3,45.0,6,270.0
2025-09-21,Abdominal,4,45.0,5,225.0
2025-09-21,Abdominal,5,41.0,7,287.0
2025-09-21,Abdominal,6,41.0,6,246.0
2025-09-21,Hip adduction,1,79.0,7,553.0
2025-09-21,Hip adduction,2,79.0,6,474.0
2025-09-21,Hip adduction,3,73.0,7,511.0
2025-09-21,Hip adduction,4,73.0,6,438.0
2025-09-21,Hip adduction,5,66.0,7,462.0
2025-09-21,Hip adduction,6,66.0,6,396.0
2025-09-21,Leg extension,1,73.0,8,584.0
2025-09-21,Leg extension,2,79.0,6,474.0
2025-09-21,Leg extension,3,73.0,7,511.0
2025-09-21,Leg extension,4,73.0,6,438.0
2025-09-21,Leg extension,5,66.0,8,528.0
2025-09-21,Leg extension,6,66.0,7,462.0
2025-09-21,Hip abduction,1,66.0,6,396.0
2025-09-21,Hip abduction,2,59.0,8,472.0
2025-09-21,Hip abduction,3,59.0,6,354.0
2025-09-21,Hip abduction,4,52.0,9,468.0
2025-09-21,Hip abduction,5,52.0,8,416.0
2025-09-21,Hip abduction,6,52.0,6,312.0
2025-09-21,Leg Press,1,86.0,9,774.0
2025-09-21,Leg Press,2,100.0,7,700.0
2025-09-21,Leg Press,3,100.0,6,600.0
2025-09-21,Leg Press,4,93.0,8,744.0
2025-09-21,Leg Press,5,93.0,6,558.0
2025-09-21,Leg Press,6,86.0,6,516.0
2025-10-22,– LOG TEMPLATE  Flat Chest Press,1,73.0,8,584.0
2025-10-22,– LOG TEMPLATE  Flat Chest Press,2,73.0,6,438.0
2025-10-22,– LOG TEMPLATE  Flat Chest Press,3,73.0,6,438.0
2025-10-22,– LOG TEMPLATE  Flat Chest Press,4,66.0,7,462.0
2025-10-22,Incline Press,1,29.4,7,205.79999999999998
2025-10-22,Incline Press,2,29.4,6,176.39999999999998
2025-10-22,Incline Press,3,25.0,7,175.0
2025-10-22,Pec Fly,1,86.0,7,602.0
2025-10-22,Pec Fly,2,86.0,6,516.0
2025-10-22,Pec Fly,3,79.0,7,553.0
2025-10-22,Shoulder Press,1,29.4,8,235.2
2025-10-22,Shoulder Press,2,29.4,6,176.39999999999998
2025-10-22,Shoulder Press,3,29.4,6,176.39999999999998
2025-10-22,Leaning Cable Lateral Raise,1,7.9,6,47.400000000000006
2025-10-22,Leaning Cable Lateral Raise,2,5.7,9,51.300000000000004
2025-10-22,Leaning Cable Lateral Raise,3,5.7,8,45.6
2025-10-22,Upright Row,1,11.4,8,91.2
2025-10-22,Upright Row,2,11.4,7,79.8
2025-10-22,Shrugs,1,47.6,9,428.40000000000003
2025-10-22,Shrugs,2,47.6,8,380.8
2025-10-22,Overhead Triceps Extension,1,21.6,10,216.0
2025-10-22,Overhead Triceps Extension,2,21.6,8,172.8
2025-10-22,Overhead Triceps Extension,3,21.6,7,151.20000000000002
2025-10-22,Triceps Pushdowns,1,23.8,6,142.8
2025-10-22,Triceps Pushdowns,2,23.8,6,142.8
2025-10-22,Triceps Pushdowns,3,21.6,7,151.20000000000002
2025-10-22,Deadlift,1,90.0,7,630.0
2025-10-22,Deadlift,2,90.0,7,630.0
2025-10-22,Deadlift,3,90.0,6,540.0
2025-10-22,Lat Pulldown,1,66.0,6,396.0
2025-10-22,Lat Pulldown,2,59.0,7,413.0
2025-10-22,Lat Pulldown,3,59.0,6,354.0
2025-10-22,Low Row,1,29.4,7,205.79999999999998
2025-10-22,Low Row,2,29.4,7,205.79999999999998
2025-10-22,Low Row,3,29.4,6,176.39999999999998
2025-10-22,Chest-supported Row,1,28.0,7,196.0
2025-10-22,Chest-supported Row,2,28.0,6,168.0
2025-10-22,Chest-supported Row,3,24.0,8,192.0
2025-10-22,Sideways Reverse Flys,1,39.0,10,390.0
2025-10-22,Sideways Reverse Flys,2,39.0,10,390.0
2025-10-22,Sideways Reverse Flys,3,39.0,8,312.0
2025-10-22,Face Pulls,1,17.0,10,170.0
2025-10-22,Face Pulls,2,17.0,11,187.0
2025-10-22,Preacher Curls,1,20.0,7,140.0
2025-10-22,Preacher Curls,2,20.0,6,120.0
2025-10-22,Preacher Curls,3,17.5,7,122.5
2025-10-22,Cable Curls,1,21.6,8,172.8
2025-10-22,Cable Curls,2,21.6,7,151.20000000000002
2025-10-22,Hammer Curls,1,24.0,7,168.0
2025-10-22,Hammer Curls,2,24.0,6,144.0
2025-10-22,Squat,1,90.0,11,990.0
2025-10-22,Squat,2,90.0,10,900.0
2025-10-22,Squat,3,90.0,9,810.0
2025-10-22,Squat,4,90.0,7,630.0
2025-10-22,Leg Press,1,141.0,9,1269.0
2025-10-22,Leg Press,2,141.0,8,1128.0
2025-10-22,Leg Press,3,141.0,7,987.0
2025-10-22,Leg Press,4,141.0,6,846.0
2025-10-22,Prone Leg Curls,1,50.0,8,400.0
2025-10-22,Prone Leg Curls,2,50.0,7,350.0
2025-10-22,Prone Leg Curls,3,50.0,6,300.0
2025-10-22,Leg Extension,1,79.0,7,553.0
2025-10-22,Leg Extension,2,79.0,7,553.0
2025-10-22,Leg Extension,3,79.0,6,474.0
2025-10-22,Walking Lunges,1,25.0,12,300.0
2025-10-22,Walking Lunges,2,25.0,12,300.0
2025-10-22,Hip Abduction,1,66.0,8,528.0
2025-10-22,Hip Abduction,2,66.0,6,396.0
2025-10-22,Hip Adduction,1,66.0,8,528.0
2025-10-22,Hip Adduction,2,66.0,7,462.0
2025-10-22,Calf Press,1,120.0,9,1080.0
2025-10-22,Calf Press,2,120.0,8,960.0
2025-10-22,Calf Press,3,120.0,8,960.0
2025-10-22,Cable Crunch,1,27.0,10,270.0
2025-10-22,Cable Crunch,2,27.0,8,216.0
2025-10-22,Cable Crunch,3,27.0,9,243.0
2025-10-22,Ab Wheel Sæt 1: 6 reps Sæt 2: 11 reps PUSH 2  Flat Press,1,73.0,8,584.0
2025-10-22,Ab Wheel Sæt 1: 6 reps Sæt 2: 11 reps PUSH 2  Flat Press,2,73.0,7,511.0
2025-10-22,Ab Wheel Sæt 1: 6 reps Sæt 2: 11 reps PUSH 2  Flat Press,3,73.0,6,438.0
2025-10-22,Ab Wheel Sæt 1: 6 reps Sæt 2: 11 reps PUSH 2  Flat Press,4,66.0,7,462.0
2025-10-22,Incline Cable Press,1,29.4,10,294.0
2025-10-22,Incline Cable Press,2,29.4,7,205.79999999999998
2025-10-22,Incline Cable Press,3,29.4,7,205.79999999999998
2025-10-22,Incline Cable Press,2,25.0,8,200.0
2025-10-22,Incline Cable Press,3,25.0,6,150.0
2025-10-22,Machine Shoulder Press,1,50.0,5,250.0
2025-10-22,Machine Shoulder Press,2,45.0,6,270.0
2025-10-22,Machine Shoulder Press,3,41.0,6,246.0
2025-10-22,Leaning Lateral Raise,1,7.9,9,71.10000000000001
2025-10-22,Leaning Lateral Raise,2,7.9,8,63.2
2025-10-22,Leaning Lateral Raise,3,7.9,8,63.2
2025-10-22,Cable Y-Raise,1,11.4,7,79.8
2025-10-22,Cable Y-Raise,2,11.4,6,68.4
2025-10-22,It burns!!! Upright Row,1,11.4,7,79.8
2025-10-22,It burns!!! Upright Row,2,11.4,7,79.8
2025-10-22,Neck Extensions,1,1.25,12,15.0
2025-10-22,Neck Extensions,2,2.5,11,27.5
2025-10-22,Neck Extensions,3,2.5,11,27.5
2025-10-22,Rope Overhead Extension,1,23.8,7,166.6
2025-10-22,Rope Overhead Extension,2,23.8,7,166.6
2025-10-22,Rope Overhead Extension,3,23.8,6,142.8
2025-10-22,Single-arm Pushdown,1,10.2,6,61.199999999999996
2025-10-22,Single-arm Pushdown,2,7.9,8,63.2
2025-10-22,En af de bedste træninger længe!!! PULL 2  Rack Pull / RDL,1,40.0,12,480.0
2025-10-22,En af de bedste træninger længe!!! PULL 2  Rack Pull / RDL,2,50.0,12,600.0
2025-10-22,En af de bedste træninger længe!!! PULL 2  Rack Pull / RDL,3,60.0,12,720.0
2025-10-22,Wide Pulldown,1,59.0,6,354.0
2025-10-22,Wide Pulldown,2,52.0,8,416.0
2025-10-22,Wide Pulldown,3,52.0,7,364.0
2025-10-22,Seated Cable Row,1,45.0,10,450.0
2025-10-22,Seated Cable Row,2,52.0,9,468.0
2025-10-22,Seated Cable Row,3,59.0,7,413.0
2025-10-22,1-arm DB Row,1,16.0,9,144.0
2025-10-22,1-arm DB Row,2,18.0,8,144.0
2025-10-22,1-arm DB Row,3,20.0,7,140.0
2025-10-22,Reverse Pec Deck,1,45.0,9,405.0
2025-10-22,Reverse Pec Deck,2,45.0,8,360.0
2025-10-22,Reverse Pec Deck,3,45.0,7,315.0
2025-10-22,Face Pulls,1,19.3,11,212.3
2025-10-22,Face Pulls,2,21.6,10,216.0
2025-10-22,Preacher Curl,1,20.0,6,120.0
2025-10-22,Preacher Curl,2,17.5,7,122.5
2025-10-22,Preacher Curl,3,17.5,6,105.0
2025-10-22,Incline DB Curl,1,24.0,7,168.0
2025-10-22,Incline DB Curl,2,24.0,7,168.0
2025-10-22,Hammer Curl,1,24.0,8,192.0
2025-10-22,Hammer Curl,2,24.0,7,168.0
2025-10-22,Wrist Curls,1,5.0,7,35.0
2025-10-22,Wrist Curls,2,5.0,7,35.0
2025-10-22,Leg Press Heavy,1,141.0,12,1692.0
2025-10-22,Leg Press Heavy,2,141.0,11,1551.0
2025-10-22,Leg Press Heavy,3,141.0,10,1410.0
2025-10-22,Leg Press Heavy,4,141.0,10,1410.0
2025-10-22,Hack Squat,1,40.0,10,400.0
2025-10-22,Hack Squat,2,60.0,6,360.0
2025-10-22,Hack Squat,3,50.0,8,400.0
2025-10-22,RDL DB,1,60.0,12,720.0
2025-10-22,RDL DB,2,80.0,7,560.0
2025-10-22,RDL DB,3,80.0,6,480.0
2025-10-22,Leg Curls,1,50.0,8,400.0
2025-10-22,Leg Curls,2,50.0,7,350.0
2025-10-22,Leg Curls,3,50.0,6,300.0
2025-10-22,Hip Thrust,1,46.0,8,368.0
2025-10-22,Hip Thrust,2,46.0,7,322.0
2025-10-22,Hip Thrust,3,46.0,6,276.0
2025-10-22,Calves,1,127.0,10,1270.0
2025-10-22,Calves,2,127.0,9,1143.0
2025-10-22,Calves,3,127.0,7,889.0
2025-10-22,Kneeling Cable Crunch,1,29.3,9,263.7
2025-10-22,Kneeling Cable Crunch,2,29.3,9,263.7
2025-10-22,Kneeling Cable Crunch,3,29.3,9,263.7
2025-10-22,Cable Woodchoppers,1,11.3,9,101.7
2025-10-22,Cable Woodchoppers,2,13.5,9,121.5
2025-10-22,Cable Woodchoppers,3,15.8,6,94.80000000000001
2025-12-04,Incline Press,1,80.0,8,640.0
2025-12-04,Incline Press,2,80.0,7,560.0
2025-12-04,Incline Press,3,80.0,6,480.0
2025-12-04,Incline Press,4,70.0,8,560.0
2025-12-04,Flat Chest Press,1,110.0,5,550.0
2025-12-04,Flat Chest Press,2,100.0,7,700.0
2025-12-04,Flat Chest Press,3,90.0,7,630.0
2025-12-04,Shoulder Press,1,60.0,12,720.0
2025-12-04,Shoulder Press,2,60.0,12,720.0
2025-12-04,Shoulder Press,3,60.0,9,540.0
2025-12-04,One arm fly,1,17.5,7,122.5
2025-12-04,One arm fly,2,15.0,9,135.0
2025-12-04,One arm fly,3,15.0,8,120.0
2025-12-04,Leaning Cable Lateral Raise,1,12.5,8,100.0
2025-12-04,Leaning Cable Lateral Raise,2,12.5,6,75.0
2025-12-04,Leaning Cable Lateral Raise,3,10.0,8,80.0
2025-12-04,Overhead Cable L-U Raise,1,15.0,8,120.0
2025-12-04,Overhead Cable L-U Raise,2,15.0,8,120.0
2025-12-04,Overhead Cable L-U Raise,3,12.5,8,100.0
2025-12-04,High-incline DB shrugs/row,1,52.0,7,364.0
2025-12-04,High-incline DB shrugs/row,2,52.0,7,364.0
2025-12-04,Neck Curls & Extensions (superset),1,10.0,12,120.0
2025-12-04,Neck Curls & Extensions (superset),2,10.0,11,110.0
2025-12-04,Neck Curls & Extensions (superset),3,10.0,9,90.0
2025-12-04,Overhead Triceps Extension,1,32.5,9,292.5
2025-12-04,Overhead Triceps Extension,2,32.5,6,195.0
2025-12-04,Overhead Triceps Extension,3,30.0,7,210.0
2025-12-04,Triceps Pushdowns,1,27.5,7,192.5
2025-12-04,Triceps Pushdowns,2,25.0,8,200.0
2025-12-04,Triceps Pushdowns,3,25.0,8,200.0
2025-12-04,– LOG TEMPLATE  Deadlift,1,100.0,8,800.0
2025-12-04,– LOG TEMPLATE  Deadlift,2,100.0,6,600.0
2025-12-04,– LOG TEMPLATE  Deadlift,3,80.0,9,720.0
2025-12-04,– LOG TEMPLATE  Deadlift,4,80.0,7,560.0
2025-12-04,Lat Pulldown,1,66.0,7,462.0
2025-12-04,Lat Pulldown,2,66.0,6,396.0
2025-12-04,Lat Pulldown,3,59.0,7,413.0
2025-12-04,Lat Pulldown,4,59.0,6,354.0
2025-12-04,Lat prayer,1,19.3,10,193.0
2025-12-04,Lat prayer,2,19.3,9,173.70000000000002
2025-12-04,Lat prayer,3,19.3,8,154.4
2025-12-04,Low Row,1,38.6,9,347.40000000000003
2025-12-04,Low Row,2,38.6,8,308.8
2025-12-04,Low Row,3,38.6,8,308.8
2025-12-04,Low Row,4,38.6,7,270.2
2025-12-04,Chest-supported Row,1,52.0,9,468.0
2025-12-04,Chest-supported Row,2,52.0,7,364.0
2025-12-04,Chest-supported Row,3,52.0,6,312.0
2025-12-04,Chest-supported Row,4,48.0,8,384.0
2025-12-04,Sideways Reverse Flys,1,59.0,7,413.0
2025-12-04,Sideways Reverse Flys,2,59.0,6,354.0
2025-12-04,Sideways Reverse Flys,3,52.0,8,416.0
2025-12-04,Kneeling Face Pulls,1,32.9,12,394.79999999999995
2025-12-04,Kneeling Face Pulls,2,32.9,10,329.0
2025-12-04,Kneeling Face Pulls,3,32.9,9,296.09999999999997
2025-12-04,Preacher Curls,1,29.0,7,203.0
2025-12-04,Preacher Curls,2,29.0,4,116.0
2025-12-04,Preacher Curls,3,24.0,7,168.0
2025-12-04,Preacher Curls,4,24.0,6,144.0
2025-12-04,Bayesian Curls,1,29.4,7,205.79999999999998
2025-12-04,Bayesian Curls,2,29.4,6,176.39999999999998
2025-12-04,Bayesian Curls,3,25.0,8,200.0
2025-12-04,Reverse Wrist Curls,1,6.0,9,54.0
2025-12-04,Reverse Wrist Curls,2,6.0,7,42.0
2025-12-04,Reverse Wrist Curls,3,6.0,6,36.0
2025-12-04,Wrist Curls,1,9.0,12,108.0
2025-12-04,Wrist Curls,2,9.0,10,90.0
2025-12-04,Wrist Curls,3,9.0,10,90.0
2025-12-04,Farmer’s Hold Sæt: LEGS 1 – LOG TEMPLATE Dato for træning: Squat Sæt 1: Sæt 2: Sæt 3: Sæt 4: Leg Press Sæt 1: Sæt 2: Sæt 3: Sæt 4: Prone Leg Curls Sæt 1: Sæt 2: Sæt 3: Leg Extension Sæt 1: Sæt 2: Sæt 3: Walking Lunges Sæt 1: Sæt 2: Hip Abduction Sæt 1: Sæt 2: Hip Adduction Sæt 1: Sæt 2: Calf Press Sæt 1: Sæt 2: Sæt 3: Cable Crunch Sæt 1: Sæt 2: Sæt 3: Hanging Leg Raises Sæt 1: Sæt 2: Sæt 3: Ab Wheel Sæt 1: Sæt 2: PUSH 2 – LOG TEMPLATE Dato for træning: Flat DB Press Sæt 1: Sæt 2: Sæt 3: Sæt 4: Incline Cable Press Sæt 1: Sæt 2: Sæt 3: High-to-Low Fly Sæt 1: Sæt 2: Sæt 3: Machine Shoulder Press Sæt 1: Sæt 2: Sæt 3: Leaning Lateral Raise Sæt 1: Sæt 2: Sæt 3: Cable Y-Raise Sæt 1: Sæt 2: Overhead Cable L-U Raise Sæt 1: Sæt 2: Neck Extensions Sæt 1: Sæt 2: Sæt 3: Rope Overhead Extension Sæt 1: Sæt 2: Sæt 3: Single-arm Pushdown Sæt 1: Sæt 2: ⸻ PULL 2  Rack Pull,1,110.0,7,770.0
2025-12-04,Farmer’s Hold Sæt: LEGS 1 – LOG TEMPLATE Dato for træning: Squat Sæt 1: Sæt 2: Sæt 3: Sæt 4: Leg Press Sæt 1: Sæt 2: Sæt 3: Sæt 4: Prone Leg Curls Sæt 1: Sæt 2: Sæt 3: Leg Extension Sæt 1: Sæt 2: Sæt 3: Walking Lunges Sæt 1: Sæt 2: Hip Abduction Sæt 1: Sæt 2: Hip Adduction Sæt 1: Sæt 2: Calf Press Sæt 1: Sæt 2: Sæt 3: Cable Crunch Sæt 1: Sæt 2: Sæt 3: Hanging Leg Raises Sæt 1: Sæt 2: Sæt 3: Ab Wheel Sæt 1: Sæt 2: PUSH 2 – LOG TEMPLATE Dato for træning: Flat DB Press Sæt 1: Sæt 2: Sæt 3: Sæt 4: Incline Cable Press Sæt 1: Sæt 2: Sæt 3: High-to-Low Fly Sæt 1: Sæt 2: Sæt 3: Machine Shoulder Press Sæt 1: Sæt 2: Sæt 3: Leaning Lateral Raise Sæt 1: Sæt 2: Sæt 3: Cable Y-Raise Sæt 1: Sæt 2: Overhead Cable L-U Raise Sæt 1: Sæt 2: Neck Extensions Sæt 1: Sæt 2: Sæt 3: Rope Overhead Extension Sæt 1: Sæt 2: Sæt 3: Single-arm Pushdown Sæt 1: Sæt 2: ⸻ PULL 2  Rack Pull,2,110.0,6,660.0
2025-12-04,Farmer’s Hold Sæt: LEGS 1 – LOG TEMPLATE Dato for træning: Squat Sæt 1: Sæt 2: Sæt 3: Sæt 4: Leg Press Sæt 1: Sæt 2: Sæt 3: Sæt 4: Prone Leg Curls Sæt 1: Sæt 2: Sæt 3: Leg Extension Sæt 1: Sæt 2: Sæt 3: Walking Lunges Sæt 1: Sæt 2: Hip Abduction Sæt 1: Sæt 2: Hip Adduction Sæt 1: Sæt 2: Calf Press Sæt 1: Sæt 2: Sæt 3: Cable Crunch Sæt 1: Sæt 2: Sæt 3: Hanging Leg Raises Sæt 1: Sæt 2: Sæt 3: Ab Wheel Sæt 1: Sæt 2: PUSH 2 – LOG TEMPLATE Dato for træning: Flat DB Press Sæt 1: Sæt 2: Sæt 3: Sæt 4: Incline Cable Press Sæt 1: Sæt 2: Sæt 3: High-to-Low Fly Sæt 1: Sæt 2: Sæt 3: Machine Shoulder Press Sæt 1: Sæt 2: Sæt 3: Leaning Lateral Raise Sæt 1: Sæt 2: Sæt 3: Cable Y-Raise Sæt 1: Sæt 2: Overhead Cable L-U Raise Sæt 1: Sæt 2: Neck Extensions Sæt 1: Sæt 2: Sæt 3: Rope Overhead Extension Sæt 1: Sæt 2: Sæt 3: Single-arm Pushdown Sæt 1: Sæt 2: ⸻ PULL 2  Rack Pull,3,90.0,9,810.0
2025-12-04,Farmer’s Hold Sæt: LEGS 1 – LOG TEMPLATE Dato for træning: Squat Sæt 1: Sæt 2: Sæt 3: Sæt 4: Leg Press Sæt 1: Sæt 2: Sæt 3: Sæt 4: Prone Leg Curls Sæt 1: Sæt 2: Sæt 3: Leg Extension Sæt 1: Sæt 2: Sæt 3: Walking Lunges Sæt 1: Sæt 2: Hip Abduction Sæt 1: Sæt 2: Hip Adduction Sæt 1: Sæt 2: Calf Press Sæt 1: Sæt 2: Sæt 3: Cable Crunch Sæt 1: Sæt 2: Sæt 3: Hanging Leg Raises Sæt 1: Sæt 2: Sæt 3: Ab Wheel Sæt 1: Sæt 2: PUSH 2 – LOG TEMPLATE Dato for træning: Flat DB Press Sæt 1: Sæt 2: Sæt 3: Sæt 4: Incline Cable Press Sæt 1: Sæt 2: Sæt 3: High-to-Low Fly Sæt 1: Sæt 2: Sæt 3: Machine Shoulder Press Sæt 1: Sæt 2: Sæt 3: Leaning Lateral Raise Sæt 1: Sæt 2: Sæt 3: Cable Y-Raise Sæt 1: Sæt 2: Overhead Cable L-U Raise Sæt 1: Sæt 2: Neck Extensions Sæt 1: Sæt 2: Sæt 3: Rope Overhead Extension Sæt 1: Sæt 2: Sæt 3: Single-arm Pushdown Sæt 1: Sæt 2: ⸻ PULL 2  Rack Pull,4,90.0,8,720.0
2025-12-04,Back extension,1,10.0,12,120.0
2025-12-04,Back extension,2,10.0,8,80.0
2025-12-04,Back extension,3,10.0,8,80.0
2025-12-04,Wide Pulldown,1,59.0,10,590.0
2025-12-04,Wide Pulldown,2,59.0,9,531.0
2025-12-04,Wide Pulldown,3,59.0,7,413.0
2025-12-04,Wide Pulldown,4,59.0,6,354.0
2025-12-04,Lat row,1,21.6,10,216.0
2025-12-04,Lat row,2,21.6,9,194.4
2025-12-04,Lat row,3,21.6,9,194.4
2025-12-04,Seated Cable Row,1,66.0,11,726.0
2025-12-04,Seated Cable Row,2,66.0,10,660.0
2025-12-04,Seated Cable Row,3,66.0,9,594.0
2025-12-04,Seated Cable Row,4,66.0,7,462.0
2025-12-04,1-arm DB Row,1,26.0,11,286.0
2025-12-04,1-arm DB Row,2,26.0,10,260.0
2025-12-04,1-arm DB Row,3,26.0,9,234.0
2025-12-04,1-arm DB Row,4,26.0,9,234.0
2025-12-04,Reverse Pec Deck,1,59.0,12,708.0
2025-12-04,Reverse Pec Deck,2,59.0,10,590.0
2025-12-04,Reverse Pec Deck,3,59.0,9,531.0
2025-12-04,Kneeling Face Pulls,1,35.2,12,422.40000000000003
2025-12-04,Kneeling Face Pulls,2,35.2,12,422.40000000000003
2025-12-04,Kneeling Face Pulls,3,35.2,11,387.20000000000005
2025-12-04,Preacher Curl,1,29.0,10,290.0
2025-12-04,Preacher Curl,2,29.0,8,232.0
2025-12-04,Preacher Curl,3,29.0,7,203.0
2025-12-04,Incline DB Curl,1,28.0,8,224.0
2025-12-04,Incline DB Curl,2,28.0,6,168.0
2025-12-04,Reverse wrist curls,1,6.0,10,60.0
2025-12-04,Reverse wrist curls,2,6.0,9,54.0
2025-12-04,Reverse wrist curls,3,6.0,8,48.0
2025-12-04,Wrist Curls,1,9.0,13,117.0
2025-12-04,Wrist Curls,2,9.0,12,108.0
2026-05-22,Incline Press,1,80.0,6,480.0
2026-05-22,Incline Press,2,80.0,6,480.0
2026-05-22,Incline Press,3,80.0,6,480.0
2026-05-22,Incline Press,4,70.0,7,490.0
2026-05-22,Flat Chest Press,1,90.0,9,810.0
2026-05-22,Flat Chest Press,2,90.0,8,720.0
2026-05-22,Flat Chest Press,3,90.0,7,630.0
2026-05-22,Pec Fly,1,93.0,10,930.0
2026-05-22,Pec Fly,2,93.0,8,744.0
2026-05-22,Pec Fly,3,93.0,7,651.0
2026-05-22,Shoulder Press,1,60.0,12,720.0
2026-05-22,Shoulder Press,2,60.0,11,660.0
2026-05-22,Shoulder Press,3,60.0,8,480.0
2026-05-22,Leaning Cable Lateral Raise,1,12.5,6,75.0
2026-05-22,Leaning Cable Lateral Raise,2,10.2,9,91.8
2026-05-22,Leaning Cable Lateral Raise,3,10.2,8,81.6
2026-05-22,Overhead Cable L-U Raise,1,14.7,7,102.89999999999999
2026-05-22,Overhead Cable L-U Raise,2,14.7,6,88.19999999999999
2026-05-22,Overhead Cable L-U Raise,3,12.5,8,100.0
2026-05-22,High-incline DB shrugs/row Sæt 1: Sæt 2: Neck Curls & Extensions (superset),1,10.0,10,100.0
2026-05-22,High-incline DB shrugs/row Sæt 1: Sæt 2: Neck Curls & Extensions (superset),2,10.0,10,100.0
2026-05-22,High-incline DB shrugs/row Sæt 1: Sæt 2: Neck Curls & Extensions (superset),3,10.0,10,100.0
2026-05-22,Overhead Triceps Extension,1,32.9,12,394.79999999999995
2026-05-22,Overhead Triceps Extension,2,32.9,8,263.2
2026-05-22,Overhead Triceps Extension,3,32.9,6,197.39999999999998
2026-05-22,Triceps Pushdowns,1,26.1,7,182.70000000000002
2026-05-22,Triceps Pushdowns,2,26.1,6,156.60000000000002
2026-05-22,Triceps Pushdowns,3,23.8,9,214.20000000000002
2026-05-22,Deadlift Sæt 1: Sæt 2: Sæt 3: Back extension,1,15.0,12,180.0
2026-05-22,Deadlift Sæt 1: Sæt 2: Sæt 3: Back extension,2,15.0,9,135.0
2026-05-22,Deadlift Sæt 1: Sæt 2: Sæt 3: Back extension,3,15.0,7,105.0
2026-05-22,Lat Pulldown,1,73.0,6,438.0
2026-05-22,Lat Pulldown,2,66.0,8,528.0
2026-05-22,Lat Pulldown,3,66.0,7,462.0
2026-05-22,Lat Pulldown,4,66.0,6,396.0
2026-05-22,Lat Prayer,1,23.8,12,285.6
2026-05-22,Lat Prayer,2,23.8,11,261.8
2026-05-22,Lat Prayer,3,23.8,11,261.8
2026-05-22,Chest-supported Row,1,56.0,8,448.0
2026-05-22,Chest-supported Row,2,56.0,7,392.0
2026-05-22,Chest-supported Row,3,56.0,6,336.0
2026-05-22,Chest-supported Row,4,52.0,8,416.0
2026-05-22,Sideways Reverse Flys,1,66.0,9,594.0
2026-05-22,Sideways Reverse Flys,2,66.0,7,462.0
2026-05-22,Sideways Reverse Flys,3,59.0,9,531.0
2026-05-22,Face Pulls,1,35.2,12,422.40000000000003
2026-05-22,Face Pulls,2,35.2,11,387.20000000000005
2026-05-22,Face Pulls,3,35.2,9,316.8
2026-05-22,Preacher Curls,1,29.0,8,232.0
2026-05-22,Preacher Curls,2,29.0,7,203.0
2026-05-22,Preacher Curls,3,29.0,6,174.0
2026-05-22,Reverse Wrist Curls,1,6.0,8,48.0
2026-05-22,Reverse Wrist Curls,2,6.0,7,42.0
2026-05-22,Reverse Wrist Curls,3,5.0,10,50.0
2026-05-22,Wrist Curls,1,9.0,13,117.0
2026-05-22,Wrist Curls,2,9.0,12,108.0
2026-05-22,Wrist Curls,3,9.0,12,108.0
2026-05-22,Farmer’s Hold Sæt: LEGS 1  Squat,1,120.0,8,960.0
2026-05-22,Farmer’s Hold Sæt: LEGS 1  Squat,2,120.0,7,840.0
2026-05-22,Farmer’s Hold Sæt: LEGS 1  Squat,3,120.0,6,720.0
2026-05-22,Farmer’s Hold Sæt: LEGS 1  Squat,4,100.0,8,800.0
2026-05-22,Leg Press,1,154.0,12,1848.0
2026-05-22,Leg Press,2,154.0,10,1540.0
2026-05-22,Leg Press,3,154.0,9,1386.0
2026-05-22,Leg Press,4,154.0,8,1232.0
2026-05-22,Prone Leg Curls,1,59.0,8,472.0
2026-05-22,Prone Leg Curls,2,59.0,6,354.0
2026-05-22,Prone Leg Curls,3,54.0,7,378.0
2026-05-22,Leg Extension,1,79.0,11,869.0
2026-05-22,Leg Extension,2,79.0,9,711.0
2026-05-22,Leg Extension,3,79.0,8,632.0
2026-05-22,Walking Lunges Sæt 1: Sæt 2: Hip Abduction,1,73.0,10,730.0
2026-05-22,Walking Lunges Sæt 1: Sæt 2: Hip Abduction,2,73.0,7,511.0
2026-05-22,Walking Lunges Sæt 1: Sæt 2: Hip Abduction,3,66.0,6,396.0
2026-05-22,Hip Adduction,1,79.0,7,553.0
2026-05-22,Hip Adduction,2,73.0,8,584.0
2026-05-22,Hip Adduction,3,73.0,6,438.0
2026-05-22,Standing Calf Extension,1,120.0,14,1680.0
2026-05-22,Standing Calf Extension,2,120.0,14,1680.0
2026-05-22,Standing Calf Extension,3,120.0,10,1200.0
2026-05-22,Standing Calf Extension,4,120.0,10,1200.0
2026-05-22,Cable Crunch,1,36.0,12,432.0
2026-05-22,Cable Crunch,2,36.0,12,432.0
2026-05-22,Cable Crunch,3,36.0,12,432.0
2026-05-22,Hanging Leg Raises,1,0.0,12,0.0
2026-05-22,Hanging Leg Raises,2,0.0,11,0.0
2026-05-22,Hanging Leg Raises,3,0.0,8,0.0
2026-05-22,Ab Wheel Sæt 1: 14 reps Sæt 2: 11 reps PUSH 2  Flat DB Press,1,120.0,6,720.0
2026-05-22,Ab Wheel Sæt 1: 14 reps Sæt 2: 11 reps PUSH 2  Flat DB Press,2,110.0,8,880.0
2026-05-22,Ab Wheel Sæt 1: 14 reps Sæt 2: 11 reps PUSH 2  Flat DB Press,3,110.0,7,770.0
2026-05-22,Ab Wheel Sæt 1: 14 reps Sæt 2: 11 reps PUSH 2  Flat DB Press,4,110.0,6,660.0
2026-05-22,High-to-Low Fly,1,38.6,9,347.40000000000003
2026-05-22,High-to-Low Fly,2,38.6,7,270.2
2026-05-22,High-to-Low Fly,3,38.6,6,231.60000000000002
2026-05-22,Leaning Lateral Raise,1,10.2,10,102.0
2026-05-22,Leaning Lateral Raise,2,10.2,8,81.6
2026-05-22,Leaning Lateral Raise,3,10.2,7,71.39999999999999
2026-05-22,Cable Y-Raise,1,15.8,7,110.60000000000001
2026-05-22,Cable Y-Raise,2,15.8,7,110.60000000000001
2026-05-22,Overhead Cable L-U Raise,1,14.7,9,132.29999999999998
2026-05-22,Overhead Cable L-U Raise,2,14.7,6,88.19999999999999
2026-05-22,Overhead Cable L-U Raise,3,12.5,9,112.5
2026-05-22,Neck Extensions,1,10.0,12,120.0
2026-05-22,Neck Extensions,2,10.0,11,110.0
2026-05-22,Neck Extensions,3,10.0,10,100.0
2026-05-22,Rope Overhead Extension,1,32.9,9,296.09999999999997
2026-05-22,Rope Overhead Extension,2,32.9,8,263.2
2026-05-22,Rope Overhead Extension,3,32.9,7,230.29999999999998
2026-05-22,Single-arm Pushdown,1,14.7,8,117.6
2026-05-22,Single-arm Pushdown,2,12.5,8,100.0
2026-05-22,Single-arm Pushdown,3,12.5,7,87.5
2026-05-22,⸻ PULL 2  Good Mornings,1,50.0,14,700.0
2026-05-22,⸻ PULL 2  Good Mornings,2,60.0,11,660.0
2026-05-22,⸻ PULL 2  Good Mornings,3,60.0,9,540.0
2026-05-22,⸻ PULL 2  Good Mornings,4,60.0,7,420.0
2026-05-22,Wide Pulldown,1,59.0,9,531.0
2026-05-22,Wide Pulldown,2,59.0,8,472.0
2026-05-22,Wide Pulldown,3,59.0,8,472.0
2026-05-22,Wide Pulldown,4,59.0,7,413.0
2026-05-22,Wide Pulldown,5,52.0,7,364.0
2026-05-22,Single-Arm Kneeling Cable Lat Row,1,21.6,12,259.20000000000005
2026-05-22,Single-Arm Kneeling Cable Lat Row,2,21.6,10,216.0
2026-05-22,Single-Arm Kneeling Cable Lat Row,3,21.6,9,194.4
2026-05-22,Seated Cable Row,1,66.0,8,528.0
2026-05-22,Seated Cable Row,2,66.0,8,528.0
2026-05-22,Seated Cable Row,3,66.0,6,396.0
2026-05-22,1-arm DB Row,1,28.0,9,252.0
2026-05-22,1-arm DB Row,2,28.0,8,224.0
2026-05-22,1-arm DB Row,3,28.0,7,196.0
2026-05-22,1-arm DB Row,4,28.0,7,196.0
2026-05-22,Sideways Reverse Fly,1,66.0,9,594.0
2026-05-22,Sideways Reverse Fly,2,66.0,7,462.0
2026-05-22,Sideways Reverse Fly,3,66.0,7,462.0
2026-05-22,Kneeling Face Pulls,1,35.2,13,457.6
2026-05-22,Kneeling Face Pulls,2,35.2,12,422.40000000000003
2026-05-22,Kneeling Face Pulls,3,35.2,10,352.0
2026-05-22,Preacher Curl,1,29.0,6,174.0
2026-05-22,Preacher Curl,2,24.0,8,192.0
2026-05-22,Preacher Curl,3,24.0,7,168.0
2026-05-22,Incline DB Curl,1,28.0,8,224.0
2026-05-22,Incline DB Curl,2,28.0,7,196.0
2026-05-22,Wrist Curls,1,10.0,10,100.0
2026-05-22,Wrist Curls,2,10.0,9,90.0
2026-05-22,Reverse Wrist Curls,1,6.0,10,60.0
2026-05-22,Farmers hold Sæt 1: 24 kg 0.56 min Sæt 2: 24 kg 0.48 min LEGS 2  Leg Press Heavy,1,154.0,14,2156.0
2026-05-22,Farmers hold Sæt 1: 24 kg 0.56 min Sæt 2: 24 kg 0.48 min LEGS 2  Leg Press Heavy,2,154.0,12,1848.0
2026-05-22,Farmers hold Sæt 1: 24 kg 0.56 min Sæt 2: 24 kg 0.48 min LEGS 2  Leg Press Heavy,3,154.0,11,1694.0
2026-05-22,Farmers hold Sæt 1: 24 kg 0.56 min Sæt 2: 24 kg 0.48 min LEGS 2  Leg Press Heavy,4,154.0,10,1540.0
2026-05-22,Hack Squat Sæt 1: Sæt 2: Sæt 3: RDL DB Sæt 1: Sæt 2: Sæt 3: Leg Curls,1,59.0,7,413.0
2026-05-22,Hack Squat Sæt 1: Sæt 2: Sæt 3: RDL DB Sæt 1: Sæt 2: Sæt 3: Leg Curls,2,54.0,7,378.0
2026-05-22,Hack Squat Sæt 1: Sæt 2: Sæt 3: RDL DB Sæt 1: Sæt 2: Sæt 3: Leg Curls,3,54.0,6,324.0
2026-05-22,Hack Squat Sæt 1: Sæt 2: Sæt 3: RDL DB Sæt 1: Sæt 2: Sæt 3: Leg Curls,4,50.0,7,350.0
2026-05-22,Hip Thrust,1,80.0,11,880.0
2026-05-22,Hip Thrust,2,80.0,10,800.0
2026-05-22,Hip Thrust,3,80.0,9,720.0
2026-05-22,Hip Thrust,4,80.0,8,640.0
2026-05-22,Standing Calf Extensions,1,120.0,14,1680.0
2026-05-22,Standing Calf Extensions,2,120.0,13,1560.0
2026-05-22,Standing Calf Extensions,3,120.0,13,1560.0
2026-05-22,Standing Calf Extensions,4,120.0,11,1320.0
2026-05-22,Reverse Cable Crunch,1,18.0,14,252.0
2026-05-22,Reverse Cable Crunch,2,18.0,11,198.0
2026-05-22,Reverse Cable Crunch,3,18.0,10,180.0
2026-05-22,Reverse Cable Crunch,4,18.0,8,144.0
2026-05-22,Cable Woodchoppers,1,22.5,10,225.0
2026-05-22,Cable Woodchoppers,2,22.5,8,180.0
2026-05-22,Cable Woodchoppers,3,22.5,7,157.5
2026-06-07,Leaning cable lateral Raises,1,10.2,12,122.39999999999999
2026-06-07,Leaning cable lateral Raises,2,10.2,10,102.0
2026-06-07,Behind the back Leaning cable lateral Raises,1,10.2,10,102.0
2026-06-07,Behind the back Leaning cable lateral Raises,2,10.2,9,91.8
2026-06-07,Pec Fly,1,93.0,7,651.0
2026-06-07,Pec Fly,2,93.0,6,558.0
2026-06-07,Pec Fly,3,86.0,7,602.0
2026-06-07,Shoulder Press,1,60.0,11,660.0
2026-06-07,Shoulder Press,2,60.0,7,420.0
2026-06-07,Shoulder Press,3,60.0,6,360.0
2026-06-07,Shoulder Press,4,60.0,7,420.0
2026-06-07,Overhead Cable L-U Raise,1,14.7,11,161.7
2026-06-07,Overhead Cable L-U Raise,2,14.7,10,147.0
2026-06-07,Overhead Cable L-U Raise,3,14.7,7,102.89999999999999
2026-06-07,Overhead Cable L-U Raise,4,12.5,7,87.5
2026-06-07,Neck Curls & Extensions (superset),1,15.0,12,180.0
2026-06-07,Neck Curls & Extensions (superset),2,15.0,10,150.0
2026-06-07,Neck Curls & Extensions (superset),3,15.0,8,120.0
2026-06-07,Neck Curls & Extensions (superset),4,10.0,9,90.0
2026-06-07,Dumbell shrugs,1,45.0,11,495.0
2026-06-07,Dumbell shrugs,2,45.0,9,405.0
2026-06-07,Dumbell shrugs,3,45.0,8,360.0
2026-06-07,Dumbell shrugs,4,40.0,10,400.0
2026-06-07,Overhead Triceps Extension,1,36.0,13,468.0
2026-06-07,Overhead Triceps Extension,2,36.0,10,360.0
2026-06-07,Overhead Triceps Extension,3,36.0,9,324.0
2026-06-07,Overhead Triceps Extension,4,36.0,8,288.0
2026-06-07,One arm triceps push Down Sæt 1: 18 kg 9*2 reps Sæt 2: 18 kg 8*2 reps Triceps Pushdowns,1,30.0,10,300.0
2026-06-07,One arm triceps push Down Sæt 1: 18 kg 9*2 reps Sæt 2: 18 kg 8*2 reps Triceps Pushdowns,2,30.0,9,270.0
2026-06-07,Neutral grip chin ups,1,0.0,6,0.0
2026-06-07,Neutral grip chin ups,2,0.0,7,0.0
2026-06-07,Neutral grip chin ups,3,0.0,6,0.0
2026-06-07,Neutral grip chin ups,4,0.0,6,0.0
2026-06-07,Neutral grip chin ups,5,0.0,5,0.0
2026-06-07,Lat Prayer,1,21.6,8,172.8
2026-06-07,Lat Prayer,2,19.3,11,212.3
2026-06-07,Lat Prayer,3,19.3,10,193.0
2026-06-07,Lat Prayer,4,19.3,9,173.70000000000002
2026-06-07,Low Row,1,36.0,10,360.0
2026-06-07,Low Row,2,36.0,9,324.0
2026-06-07,Low Row,3,36.0,8,288.0
2026-06-07,Low Row,4,36.0,7,252.0
2026-06-07,Sideways Reverse Flys,1,59.0,9,531.0
2026-06-07,Sideways Reverse Flys,2,59.0,8,472.0
2026-06-07,Sideways Reverse Flys,3,59.0,7,413.0
2026-06-07,Sideways Reverse Flys,4,52.0,7,364.0
2026-06-07,Kneeling Face Pulls,1,32.9,15,493.5
2026-06-07,Kneeling Face Pulls,2,32.9,12,394.79999999999995
2026-06-07,Kneeling Face Pulls,3,32.9,10,329.0
2026-06-07,Kneeling Face Pulls,4,32.9,8,263.2
2026-06-07,Back extension,1,15.0,13,195.0
2026-06-07,Back extension,2,15.0,11,165.0
2026-06-07,Back extension,3,15.0,8,120.0
2026-06-07,Back extension,4,15.0,8,120.0
2026-06-07,Preacher Curls,1,34.0,6,204.0
2026-06-07,Preacher Curls,2,29.0,9,261.0
2026-06-07,Preacher Curls,3,29.0,8,232.0
2026-06-07,Preacher Curls,4,29.0,6,174.0
2026-06-07,Bayesian Curls,1,24.0,9,216.0
2026-06-07,Bayesian Curls,2,24.0,9,216.0
2026-06-07,Bayesian Curls,3,24.0,8,192.0
2026-06-07,"Deadhangs Sæt 1: 0 kg 0,20 min Sæt 2: 0 kg 0,20 min Sæt 3: 0 kg 0,20 min LEGS 1  Squat",1,110.0,10,1100.0
2026-06-07,"Deadhangs Sæt 1: 0 kg 0,20 min Sæt 2: 0 kg 0,20 min Sæt 3: 0 kg 0,20 min LEGS 1  Squat",2,110.0,8,880.0
2026-06-07,"Deadhangs Sæt 1: 0 kg 0,20 min Sæt 2: 0 kg 0,20 min Sæt 3: 0 kg 0,20 min LEGS 1  Squat",3,110.0,7,770.0
2026-06-07,"Deadhangs Sæt 1: 0 kg 0,20 min Sæt 2: 0 kg 0,20 min Sæt 3: 0 kg 0,20 min LEGS 1  Squat",4,110.0,7,770.0
2026-06-07,Leg Press Sæt 1: Sæt 2: Sæt 3: Sæt 4: Prone Leg Curls Sæt 1: Sæt 2: Sæt 3: Leg Extension Sæt 1: Sæt 2: Sæt 3: Walking Lunges Sæt 1: Sæt 2: Hip Abduction,1,73.0,10,730.0
2026-06-07,Leg Press Sæt 1: Sæt 2: Sæt 3: Sæt 4: Prone Leg Curls Sæt 1: Sæt 2: Sæt 3: Leg Extension Sæt 1: Sæt 2: Sæt 3: Walking Lunges Sæt 1: Sæt 2: Hip Abduction,2,73.0,6,438.0
2026-06-07,Leg Press Sæt 1: Sæt 2: Sæt 3: Sæt 4: Prone Leg Curls Sæt 1: Sæt 2: Sæt 3: Leg Extension Sæt 1: Sæt 2: Sæt 3: Walking Lunges Sæt 1: Sæt 2: Hip Abduction,3,66.0,8,528.0
2026-06-07,Hip Adduction,1,66.0,6,396.0
2026-06-07,Hip Adduction,2,59.0,6,354.0
2026-06-07,Calf Press,1,138.6,12,1663.1999999999998
2026-06-07,Calf Press,2,138.6,11,1524.6
2026-06-07,Calf Press,3,138.6,9,1247.3999999999999
2026-06-07,Calf Press,4,138.6,8,1108.8
2026-06-07,Cable Crunch,1,35.2,15,528.0
2026-06-07,Cable Crunch,2,35.2,12,422.40000000000003
2026-06-07,Cable Crunch,3,35.2,10,352.0
2026-06-07,Cable Crunch,4,35.2,8,281.6
2026-06-07,Leg Raises,1,0.0,16,0.0
2026-06-07,Leg Raises,2,0.0,13,0.0
2026-06-07,Leg Raises,3,0.0,11,0.0
2026-06-07,Leg Raises,4,0.0,8,0.0
2026-06-07,"Leaning Lateral Raise Sæt 1: 10,2 kg 10*2 reps Sæt 2: 10,2 kg 9*2 reps Behind the back Leaning Lateral Raise",1,10.2,9,91.8
2026-06-07,"Leaning Lateral Raise Sæt 1: 10,2 kg 10*2 reps Sæt 2: 10,2 kg 9*2 reps Behind the back Leaning Lateral Raise",2,10.2,9,91.8
2026-06-07,Flat DB Press Sæt 1: Sæt 2: Sæt 3: Sæt 4: Incline Cable Press,1,80.0,7,560.0
2026-06-07,Flat DB Press Sæt 1: Sæt 2: Sæt 3: Sæt 4: Incline Cable Press,2,80.0,6,480.0
2026-06-07,Flat DB Press Sæt 1: Sæt 2: Sæt 3: Sæt 4: Incline Cable Press,3,70.0,7,490.0
2026-06-07,Flat DB Press Sæt 1: Sæt 2: Sæt 3: Sæt 4: Incline Cable Press,4,70.0,6,420.0
2026-06-07,Pec Fly,1,93.0,8,744.0
2026-06-07,Pec Fly,2,93.0,8,744.0
2026-06-07,Pec Fly,3,93.0,6,558.0
2026-06-07,Pec Fly,4,86.0,7,602.0
2026-06-07,Shoulder Press,1,60.0,8,480.0
2026-06-07,Shoulder Press,2,60.0,8,480.0
2026-06-07,Shoulder Press,3,60.0,6,360.0
2026-06-07,Cable Y-Raise,1,15.8,8,126.4
2026-06-07,Cable Y-Raise,2,15.8,7,110.60000000000001
2026-06-07,Overhead Cable L-U Raise,1,14.7,11,161.7
2026-06-07,Overhead Cable L-U Raise,2,14.7,9,132.29999999999998
2026-06-07,Overhead Cable L-U Raise,3,14.7,8,117.6
2026-06-07,Dumbell shrugs,1,45.0,13,585.0
2026-06-07,Dumbell shrugs,2,45.0,12,540.0
2026-06-07,Dumbell shrugs,3,45.0,10,450.0
2026-06-07,Dumbell shrugs,4,45.0,10,450.0
2026-06-07,Neck Extensions,1,15.0,11,165.0
2026-06-07,Neck Extensions,2,15.0,9,135.0
2026-06-07,Neck Extensions,3,15.0,10,150.0
2026-06-07,Rope Overhead Extension,1,30.0,6,180.0
2026-06-07,Rope Overhead Extension,2,30.0,7,210.0
2026-06-07,Rope Overhead Extension,3,24.0,9,216.0
2026-06-07,Rope Overhead Extension,4,24.0,7,168.0
2026-06-07,Single-arm Pushdown,1,15.0,7,105.0
2026-06-07,Single-arm Pushdown,2,12.0,8,96.0
2026-06-07,Single-arm Pushdown,3,12.0,7,84.0
2026-06-07,JM Press,1,10.0,15,150.0
2026-06-07,JM Press,2,20.0,12,240.0
2026-06-07,JM Press,3,20.0,11,220.0
2026-06-07,⸻ PULL 2  Lat Pulldown,1,66.0,8,528.0
2026-06-07,⸻ PULL 2  Lat Pulldown,2,66.0,6,396.0
2026-06-07,⸻ PULL 2  Lat Pulldown,3,59.0,7,413.0
2026-06-07,⸻ PULL 2  Lat Pulldown,4,59.0,7,413.0
2026-06-07,Single-Arm Kneeling Cable Lat Row,1,26.1,6,156.60000000000002
2026-06-07,Single-Arm Kneeling Cable Lat Row,2,23.8,7,166.6
2026-06-07,Single-Arm Kneeling Cable Lat Row,3,21.6,8,172.8
2026-06-07,Single-Arm Kneeling Cable Lat Row,4,21.6,7,151.20000000000002
2026-06-07,Seated Cable Row,1,66.0,9,594.0
2026-06-07,Seated Cable Row,2,66.0,8,528.0
2026-06-07,Seated Cable Row,3,66.0,7,462.0
2026-06-07,1-arm DB Row Sæt 1: 28 kg 9*2 reps Sæt 2: 28 kg 8*2 reps Sæt 3: 28 kg 7*2 reps Sideways Reverse Fly,1,66.0,9,594.0
2026-06-07,1-arm DB Row Sæt 1: 28 kg 9*2 reps Sæt 2: 28 kg 8*2 reps Sæt 3: 28 kg 7*2 reps Sideways Reverse Fly,2,66.0,8,528.0
2026-06-07,1-arm DB Row Sæt 1: 28 kg 9*2 reps Sæt 2: 28 kg 8*2 reps Sæt 3: 28 kg 7*2 reps Sideways Reverse Fly,3,59.0,8,472.0
2026-06-07,1-arm DB Row Sæt 1: 28 kg 9*2 reps Sæt 2: 28 kg 8*2 reps Sæt 3: 28 kg 7*2 reps Sideways Reverse Fly,4,59.0,6,354.0
2026-06-07,Kneeling Face Pulls,1,35.2,12,422.40000000000003
2026-06-07,Kneeling Face Pulls,2,35.2,10,352.0
2026-06-07,Kneeling Face Pulls,3,35.2,9,316.8
2026-06-07,Preacher Hammer Curl,1,24.0,8,192.0
2026-06-07,Preacher Hammer Curl,2,24.0,7,168.0
2026-06-07,Wrist Curls,1,10.0,12,120.0
2026-06-07,Wrist Curls,2,10.0,11,110.0
2026-06-07,"Farmers hold Sæt 1: 30 kg 0,30 min Sæt 2: 28 kg 0,30 min Sæt 3: 28 kg 0,25 min LEGS 2  Leg Press",1,154.0,11,1694.0
2026-06-07,"Farmers hold Sæt 1: 30 kg 0,30 min Sæt 2: 28 kg 0,30 min Sæt 3: 28 kg 0,25 min LEGS 2  Leg Press",2,154.0,10,1540.0
2026-06-07,"Farmers hold Sæt 1: 30 kg 0,30 min Sæt 2: 28 kg 0,30 min Sæt 3: 28 kg 0,25 min LEGS 2  Leg Press",3,154.0,7,1078.0
2026-06-07,"Farmers hold Sæt 1: 30 kg 0,30 min Sæt 2: 28 kg 0,30 min Sæt 3: 28 kg 0,25 min LEGS 2  Leg Press",4,147.0,8,1176.0
2026-06-07,Hack Squat,1,127.6,10,1276.0
2026-06-07,Hack Squat,2,127.6,8,1020.8
2026-06-07,Hack Squat,3,127.6,6,765.5999999999999
2026-06-07,Hack Squat,4,117.6,7,823.1999999999999
2026-06-07,Leg Curls,1,59.0,7,413.0
2026-06-07,Leg Curls,2,59.0,6,354.0
2026-06-07,Leg Curls,3,54.0,6,324.0
2026-06-07,Leg Curls,4,50.0,6,300.0
2026-06-07,Hip Thrust,1,100.0,9,900.0
2026-06-07,Hip Thrust,2,100.0,9,900.0
2026-06-07,Hip Thrust,3,100.0,8,800.0
2026-06-07,Hip Thrust,4,100.0,8,800.0
2026-06-07,Calf Press,1,138.6,11,1524.6
2026-06-07,Calf Press,2,138.6,13,1801.8
2026-06-07,Calf Press,3,138.6,11,1524.6
2026-06-07,Calf Press,4,138.6,12,1663.1999999999998
2026-06-07,Reverse Cable Crunch,1,21.6,13,280.8
2026-06-07,Reverse Cable Crunch,2,21.6,10,216.0
2026-06-07,Reverse Cable Crunch,3,21.6,10,216.0
2026-06-07,Reverse Cable Crunch,4,21.6,8,172.8
2026-06-07,Kneeling cable crunch,1,37.4,10,374.0
2026-06-07,Kneeling cable crunch,2,37.4,8,299.2
2026-06-07,Kneeling cable crunch,3,37.4,7,261.8
2026-06-07,Kneeling cable crunch,4,35.2,8,281.6
2026-06-07,Cable Woodchoppers,1,21.6,8,172.8
2026-06-07,Cable Woodchoppers,2,19.3,9,173.70000000000002
2026-06-07,Cable Woodchoppers,3,19.3,8,154.4
